<GSPComps>
	<Comp>
		<id>1.1.1</id>
		<RootComp>You put patients first and do the following:</RootComp>
		<ChildComp>Act in the interests of patients’ safety and well-being at all times.</ChildComp>
		<ChildComp>Fulfil your duty of care if you have a concern about a patient’s safety.</ChildComp>
		<ChildComp>Fulfil your duty of candour if something goes wrong in a patient’s care.</ChildComp>
		<ChildComp>Adhere to safeguarding requirements and uphold the interests of vulnerable individuals in how you deliver care.</ChildComp>
	</Comp>
	<Comp>
		<id>1.1.2</id>
		<RootComp>You treat patients and their carers as individuals and do the following:</RootComp>
		<ChildComp>Champion equality, diversity and inclusion in how you address individual needs and contribute to service delivery.</ChildComp>
		<ChildComp>Share information with patients and their carers to support engagement in their care and shared decision-making about their care.</ChildComp>
		<ChildComp>Respect individuals’ rights, autonomy, values, beliefs and wishes about how they engage in diagnostic and therapeutic processes while in your care.</ChildComp>
		<ChildComp>Maintain patients’ dignity in how you deliver care.</ChildComp>
	</Comp>
	<Comp>
		<id>1.1.3</id>
		<RootComp>You respect patients’ privacy and only use and disclose confidential information about their care in accordance with legal, ethical and data protection requirements.</RootComp>
	</Comp>
	<Comp>
		<id>1.1.4</id>
		<RootComp>You support patients and the public to promote and manage their own health and well-being.</RootComp>
	</Comp>
	<Comp>
		<id>1.2.1</id>
		<RootComp>You take responsibility for the following:</RootComp>
		<ChildComp>Understanding and engaging with your scope of practice, your personal competence and the parameters of your job role (recognising that these may be different and each will change, as you develop and service needs change).</ChildComp>
		<ChildComp>Your decisions and actions (and inactions) and explaining and justifying these when required to do so.</ChildComp>
		<ChildComp>Working within your current scope of practice, competence and job role.</ChildComp>
		<ChildComp>Being clear to others about the nature of your roles and responsibilities.</ChildComp>
		<ChildComp>Identifying and taking appropriate action when a potential activity or area of decision-making falls outside your scope of practice and competence.</ChildComp>
	</Comp>
	<Comp>
		<id>1.2.2</id>
		<RootComp>You engage in continuing professional development (CPD) and do the following:</RootComp>
		<ChildComp>Maintain and develop your knowledge, understanding and skills in line with your practice and role, including in response to changes in patient need, the evidence base, technological advances and service delivery requirements.</ChildComp>
		<ChildComp>Identifying when planned changes to your job role or your broader plans for developing your career create CPD needs.</ChildComp>
		<ChildComp>Keep a structured record of your CPD activity to evidence how you maintain and update your knowledge, understanding and skills in line with changing needs in patient care, service delivery and your job role.</ChildComp>
		<ChildComp>Adhere to the specific CPD requirements of your regulatory and/or professional body.</ChildComp>
	</Comp>
	<Comp>
		<id>1.2.3</id>
		<RootComp>You engage with individual, team and service performance review and audit processes, including by doing the following:</RootComp>
		<ChildComp>Responding constructively to the outcomes of specific processes.</ChildComp>
		<ChildComp>Engaging in emergent learning and development activities to enhance individual and team performance, service delivery and patient care.</ChildComp>
	</Comp>
	<Comp>
		<id>1.3.1</id>
		<RootComp>You listen to patients, carers, service users and colleagues to understand their needs, preferences and requests and take account of non-verbal cues to inform how youcommunicate and respond.</RootComp>
	</Comp>
	<Comp>
		<id>1.3.2</id>
		<RootComp>You communicate in ways that take account of the needs of your intended audience, adapting how you present information to seek to achieve relevance and clarity and to aid understanding.</RootComp>
	</Comp>
	<Comp>
		<id>1.3.3</id>
		<RootComp>You have appropriate English language proficiency and communication skills to provide the required standard of service delivery and care in the UK.</RootComp>
	</Comp>
	<Comp>
		<id>1.3.4</id>
		<RootComp>You complete accurate, legible and contemporary records of your activity and comply with legal and workplace requirements and protocols for safe record-keeping and storage.</RootComp>
	</Comp>
	<Comp>
		<id>1.3.5</id>
		<RootComp>You use communication formats and channels (spoken, written and digital, and including social media and online networking platforms) in appropriate, professional ways.</RootComp>
	</Comp>
	<Comp>
		<id>1.3.6</id>
		<RootComp>You produce materials about your service and professional activity that do the following:</RootComp>
		<ChildComp>Present clear, accurate information in a format appropriate for the target audience (e.g. patients, carers or other healthcare professionals).</ChildComp>
		<ChildComp>Provide clarity on when you are giving advice or expressing a professional opinion and the basis and parameters of this.</ChildComp>
		<ChildComp>Comply with relevant legal, ethical and professional requirements and codes, including those relating to advertising, presenting research data, and writing for publication</ChildComp>
	</Comp>
	<Comp>
		<id>1.4.1</id>
		<RootComp>You engage with the standards of conduct and behaviour set by your regulatory and/or professional body.</RootComp>
	</Comp>
	<Comp>
		<id>1.4.2</id>
		<RootComp>You act as an ambassador for healthcare science, behaving and conducting yourself in ways that uphold the profession’s reputation and reflect the trust that the public, patients, employers and colleagues place in the profession.</RootComp>
	</Comp>
	<Comp>
		<id>1.4.3</id>
		<RootComp>You declare anything that could create a conflict of interest in your professional and workplace activity and are transparent in how you exercise and share your professional opinion in different contexts.</RootComp>
	</Comp>
	<Comp>
		<id>1.4.4</id>
		<RootComp>You have appropriate indemnity cover (recognising) that this may be provided by your employer) for your activity as a healthcare scientist, including for any activity that you undertake outside your primary job role.</RootComp>
	</Comp>
	<Comp>
		<id>1.4.5</id>
		<RootComp>You engage and co-operate promptly, fully and honestly in complaints and investigation processes, including the following, as the need arises:</RootComp>
		<ChildComp>The complaints and fitness to practise policies and procedures of your employer, regulatory and/or professional body.</ChildComp>
		<ChildComp>An investigation into a complaint made about your own conduct or competence.</ChildComp>
		<ChildComp>An investigation into others’ conduct or competence if you are invited to input to the process.</ChildComp>
	</Comp>
	<Comp>
		<id>1.4.6</id>
		<RootComp>You declare any matter relating to your health, character or conduct to your employer, regulatory and/or professional body, in line their requirements, that has the potential to do the following:</RootComp>
		<ChildComp>Affect or impede your capacity to practise safely and effectively.</ChildComp>
		<ChildComp>Put others’ health and safety at risk.</ChildComp>
		<ChildComp>Undermine the trust and confidence placed in you as a healthcare scientist.</ChildComp>
	</Comp>
	<Comp>
		<id>1.4.7</id>
		<RootComp>You take appropriate steps if you identify that a patient, their carer or a colleague poses a risk to your own or others’ health and safety, including by making alternative arrangements for patient care, if required, to avoid fulfilment of need being compromised.</RootComp>
	</Comp>
	<Comp>
		<id>1.5.1</id>
		<RootComp>You work with colleagues in your workplace and representatives of other organisations, engaging in multi-disciplinary team-working and inter-agency collaboration to meet patient needs safely, effectively and efficiently.</RootComp>
	</Comp>
	<Comp>
		<id>1.5.2</id>
		<RootComp>You should to make the best use of the resources available to you, including others’ time and expertise, efficiently and judiciously to optimise the quality and efficacy of patient care and service delivery. You should also think in the context of sustainability of the environment and the social and economic impact of your practice.</RootComp>
	</Comp>
	<Comp>
		<id>1.5.3</id>
		<RootComp>You contribute to others’ learning and development in line with your scope of practice, competence and job role, and engage with the importance of being a competent educator as an integral component of your role as a healthcare scientist.</RootComp>
	</Comp>
	<Comp>
		<id>1.5.4</id>
		<RootComp>You undertake safe, effective supervision of junior colleagues and trainees, including by doing the following:</RootComp>
		<ChildComp>Engaging with the responsibilities that you retain when you delegate activity to others.</ChildComp>
		<ChildComp>Satisfying yourself that the colleague to whom you plan to delegate a specific activity has the knowledge, understanding and skills to undertake it safely and effectively</ChildComp>
		<ChildComp>Checking that the colleague understands their role and responsibilities in enacting the planned delegated activity, including relating to informed consent and raising any concerns about patient safety.</ChildComp>
		<ChildComp>Checking that the colleague knows how to seek advice, if required, once undertaking the delegated activity.</ChildComp>
		<ChildComp>Providing appropriate levels of guidance, support and intervention to maintain patients’ and others’ safety through the specific delegation arrangements that you put in place.</ChildComp>
		<ChildComp>Keeping delegation arrangements under review and modifying them if this is needed to uphold safe patient care and effective service delivery.</ChildComp>
	</Comp>
	<Comp>
		<id>1.5.5</id>
		<RootComp>You arrange with your line manager for essential elements of your roles and responsibilities to be covered during periods of planned absence, including by</RootComp>
		<ChildComp>Contributing to handover to colleagues who have the scope of practice and competence to undertake activities in your place of you.</ChildComp>
		<ChildComp>Adhering to your workplace’s business continuity arrangements.</ChildComp>
	</Comp>
	<Comp>
		<id>2.1.1</id>
		<RootComp>You undertake investigations and/or therapy, including by doing the following:</RootComp>
		<ChildComp>Adhering to up-to-date standard operating procedures.</ChildComp>
		<ChildComp>Using appropriate qualitative and quantitative methods in how you undertake activities relating to screening, diagnosis, prognosis, monitoring and/or treatment of disease, disorders and normal states of health.</ChildComp>
		<ChildComp>Using appropriate methods and approaches to analyse information.</ChildComp>
	</Comp>
	<Comp>
		<id>2.1.2</id>
		<RootComp>You report on investigations and/or therapy that you undertake in a timely manner, presenting information on your activity, analysis and findings in a clear and succinct format.</RootComp>
	</Comp>
	<Comp>
		<id>2.1.3</id>
		<RootComp>You develop investigative strategies, procedures and processes, taking account of relevant clinical and other sources of information and evidence-based practice.</RootComp>
	</Comp>
	<Comp>
		<id>2.1.4</id>
		<RootComp>You interpret and critically evaluate data to inform the following:</RootComp>
		<ChildComp>Your decision-making.</ChildComp>
		<ChildComp>Your development of action plans.</ChildComp>
		<ChildComp>Your advice and recommendations to others on further investigations, screening and management options.</ChildComp>
	</Comp>
	<Comp>
		<id>2.1.5</id>
		<RootComp>You provide scientific advice to do the following:</RootComp>
		<ChildComp>Inform the safe, effective delivery of services.</ChildComp>
		<ChildComp>Support your colleagues’ clinical decision-making relating to individual</ChildComp>
	</Comp>
	<Comp>
		<id>2.2.1</id>
		<RootComp>You develop and maintain your technical proficiency, in line with your scope of practice, competence and job role, including to do the following:</RootComp>
		<ChildComp>Use instruments, equipment and methodologies.</ChildComp>
		<ChildComp>Gather, measure, generate and analyse data.</ChildComp>
		<ChildComp>Engage and comply with current best practice in how you select and use</ChildComp>
		<ChildComp>relevant instruments and equipment.</ChildComp>
		<ChildComp>Provide technical advice to others to ensure the safe and effective delivery of services.</ChildComp>
	</Comp>
	<Comp>
		<id>2.2.2</id>
		<RootComp>You engage with health and safety requirements and do the following:</RootComp>
		<ChildComp>Adhere to relevant legislation.</ChildComp>
		<ChildComp>Comply with health and safety protocols and requirements in your workplace.</ChildComp>
		<ChildComp>Actively participate in regular mandatory health and safety training.</ChildComp>
		<ChildComp>Remain up-to-date changes to health and safety protocols.</ChildComp>
		<ChildComp>Escalate a health and safety issue either that you identify or to which you are alerted that poses a risk or actual hazard to yourself and/or others.</ChildComp>
	</Comp>
	<Comp>
		<id>2.2.3</id>
		<RootComp>You follow all relevant health and safety procedures in your day-to-day practice, including by doing the following:</RootComp>
		<ChildComp>Selecting and correctly using and disposing of appropriate personal protective equipment to ensure your safe contact with and use of specimens, raw materials, clinical and special waste, equipment, ionisation, radiation and electricity.</ChildComp>
		<ChildComp>Using correct methods of disinfection, sterilisation and decontamination.</ChildComp>
		<ChildComp>Dealing with waste and spillages correctly</ChildComp>
	</Comp>
	<Comp>
		<id>2.2.4</id>
		<RootComp>You engage with information and communications technology (ICT), including by doing the following:</RootComp>
		<ChildComp>Maintaining your ICT knowledge, understanding and skills to perform your role safely, efficiently and effectively.</ChildComp>
		<ChildComp>Keeping up-to-date with ICT developments and advances that have the potential to enhance service delivery and patient care.</ChildComp>
	</Comp>
	<Comp>
		<id>2.3.1</id>
		<RootComp>You maintain an effective audit trail of your activity, adhering to local protocols and practices.</RootComp>
	</Comp>
	<Comp>
		<id>2.3.2</id>
		<RootComp>You participate in quality assurance processes as an integral part of service delivery, including regular and systematic audit and service evaluation exercises.</RootComp>
	</Comp>
	<Comp>
		<id>2.3.3</id>
		<RootComp>You actively engage in risk assessment, management and mitigation activities.</RootComp>
	</Comp>
	<Comp>
		<id>2.3.4</id>
		<RootComp>You contribute to enacting, reviewing and updating service delivery processes and procedures to uphold patient, servicer user and public safety, in line with your scope of practice, competence and job role and informed by current best practice.</RootComp>
	</Comp>
	<Comp>
		<id>2.3.5</id>
		<RootComp>You set, maintain and/or apply quality standards, control and assurance measures for service delivery, with a focus on the following:</RootComp>
		<ChildComp>Maintaining and demonstrating the delivery of safe, effective patient care.</ChildComp>
		<ChildComp>Identifying the need for restorative action to address deficiencies in service delivery.</ChildComp>
		<ChildComp>Identifying opportunities for quality improvement.</ChildComp>
	</Comp>
	<Comp>
		<id>3.1.1</id>
		<RootComp>You obtain informed consent from individual parties (patients, or their carer, service users or other appropriate authorities) before you do the following:</RootComp>
		<ChildComp>Undertake an investigation or examination.</ChildComp>
		<ChildComp>Provide treatment.</ChildComp>
		<ChildComp>Involve individuals in teaching or research activity.</ChildComp>
	</Comp>
	<Comp>
		<id>3.1.2</id>
		<RootComp>You understand and engage with the significance of your actions, findings and advice for informing others’ clinical decisions about individual patients’ care.</RootComp>
	</Comp>
	<Comp>
		<id>3.1.3</id>
		<RootComp>You provide clinical analysis and advice appropriate to your specialty, including by planning and progressing investigative strategies and clinical protocols to optimise diagnosis, monitoring and therapy of patients with a range of disorders.</RootComp>
	</Comp>
	<Comp>
		<id>3.1.4</id>
		<RootComp>You interpret and advise on complex and/or specialist data in the context of the clinical question being posed, your scope of practice and role, including by providing the following:</RootComp>
		<ChildComp>The results obtained through your investigation or examination.</ChildComp>
		<ChildComp>Your analysis and interpretation of the results.</ChildComp>
		<ChildComp>The basis of your diagnostic or therapeutic opinion or advice, including any caveats to this.</ChildComp>
		<ChildComp>The relevance of your findings for informing further decision-making and actions on the part of the responsible clinician.</ChildComp>
		<ChildComp>The wider implications for optimising the efficiency and effectiveness of clinical investigations for individual patients or groups of patients.</ChildComp>
	</Comp>
	<Comp>
		<id>3.1.5</id>
		<RootComp>You monitor and report on individual patients’ condition, progress and prognosis.</RootComp>
	</Comp>
	<Comp>
		<id>3.1.6</id>
		<RootComp>You refer patients to the most appropriate healthcare professional or service, ensuring that you do the following:</RootComp>
		<ChildComp>Put individual patients’ needs and safety first.</ChildComp>
		<ChildComp>Recognise when elements of patient care sit outside your scope of practice, competence and job role.</ChildComp>
	</Comp>
	<Comp>
		<id>3.1.7</id>
		<RootComp>You represent the work of your team in multi-disciplinary clinical meetings, including to inform discussion on patient outcomes, service delivery and service evaluation.</RootComp>
	</Comp>
	<Comp>
		<id>3.2.1</id>
		<RootComp>You undertake detailed clinical or psycho-social assessments, investigations or analysis, including by doing the following:</RootComp>
		<ChildComp>Using appropriate techniques and equipment.</ChildComp>
		<ChildComp>Accurately and fully recording the nature and results of your assessments.</ChildComp>
		<ChildComp>Regularly reviewing the outcomes of assessments, including in partnership with patients</ChildComp>
	</Comp>
	<Comp>
		<id>3.2.2</id>
		<RootComp>You plan, decide and advise on clinical or scientific investigations or products to meet patients’ diagnostic, predictive, therapeutic, rehabilitative and/or treatment needs, taking account of all relevant information that is available to you and in appropriate consultation and partnership with others.</RootComp>
	</Comp>
	<Comp>
		<id>3.2.3</id>
		<RootComp>You undertake a quality-assured approach to investigations and designing products and procedures as an integral part of your contribution to the following:</RootComp>
		<ChildComp>Screening.</ChildComp>
		<ChildComp>Diagnoses.</ChildComp>
		<ChildComp>Treatments.</ChildComp>
		<ChildComp>Contribution to care-planning, management and rehabilitation.</ChildComp>
	</Comp>
	<Comp>
		<id>3.2.4</id>
		<RootComp>You prioritise the delivery of investigations, interventions, services and treatments based on your informed understanding of individual patients’ clinical need.</RootComp>
	</Comp>
	<Comp>
		<id>3.2.5</id>
		<RootComp>You advise colleagues on using technologies, investigative processes and interventions to inform, progress and monitor individual patients’ care.</RootComp>
	</Comp>
	<Comp>
		<id>3.2.6</id>
		<RootComp>You share all relevant information with colleagues involved in individual patients’ care, ensuring adherence to legal and ethical requirements relating to confidential and sensitive personal data, when you do the following:</RootComp>
		<ChildComp>Delegate or refer care to colleagues in your team/service.</ChildComp>
		<ChildComp>Refer patients to other health or social care providers.</ChildComp>
	</Comp>
	<Comp>
		<id>4.1.1</id>
		<RootComp>You contribute to an active research culture, in keeping with your scope of practice and job role, by doing the following:</RootComp>
		<ChildComp>Engaging in evidence-led practice.</ChildComp>
		<ChildComp>Managing and/or participating in research activity.</ChildComp>
		<ChildComp>Encouraging and engaging in debate on research and its development and application in practice.</ChildComp>
		<ChildComp>Progressing and engaging in research collaborations with others.</ChildComp>
	</Comp>
	<Comp>
		<id>4.1.2</id>
		<RootComp>You act with honesty, probity and integrity in all stages of the research process, including by adhering to research governance frameworks and protocols relating to the following:</RootComp>
		<ChildComp>Project design.</ChildComp>
		<ChildComp>Ethics approval.</ChildComp>
		<ChildComp>Funding.</ChildComp>
		<ChildComp>Public/patient involvement.</ChildComp>
		<ChildComp>Data-gathering and analysis.</ChildComp>
		<ChildComp>Reporting, dissemination and publication.</ChildComp>
	</Comp>
	<Comp>
		<id>4.1.3</id>
		<RootComp>You select and use research methodologies, including experimental and collaborative approaches, in ways that fit with your scope of practice and role and that achieve the following:</RootComp>
		<ChildComp>Address a specific research question or topic.</ChildComp>
		<ChildComp>Fit with the design and scale of a research project.</ChildComp>
		<ChildComp>Involve patients and the public, when appropriate.</ChildComp>
		<ChildComp>Are informed by and address all relevant ethical considerations.</ChildComp>
	</Comp>
	<Comp>
		<id>4.1.4</id>
		<RootComp>You develop, evaluate, validate and verify new developments (including to do with new scientific, technical, diagnostic, monitoring, treatment and therapeutic procedures) and adapt and integrate new procedures into your routine practice once you are assured by evidence of their safety, efficacy and effectiveness.</RootComp>
	</Comp>
	<Comp>
		<id>4.1.5</id>
		<RootComp>You critically evaluate and apply research and other available evidence to do the following:</RootComp>
		<ChildComp>Inform your own practice and ensure that this remains leading-edge.</ChildComp>
		<ChildComp>Inform your colleagues’ practice and professional development.</ChildComp>
		<ChildComp>Contribute to quality improvements in service delivery.</ChildComp>
		<ChildComp>Enhance patient care and outcomes.</ChildComp>
		<ChildComp>Contribute to and share new knowledge in line with meeting the public interest.</ChildComp>
	</Comp>
	<Comp>
		<id>4.2.1</id>
		<RootComp>You participate in service evaluation and quality improvement activities, including to do the following:</RootComp>
		<ChildComp>Seek and respond to patient and service user views and feedback.</ChildComp>
		<ChildComp>Act on the outcomes of activities to inform service developments and enhance service delivery.</ChildComp>
		<ChildComp>Share the outcomes of activities, in appropriate ways, to contribute to a culture of continuous quality improvement.</ChildComp>
	</Comp>
	<Comp>
		<id>4.2.2</id>
		<RootComp>You engage with innovative technologies and practice to enhance service delivery, including by doing the following:</RootComp>
		<ChildComp>Identifying and appraising innovative approaches to service delivery relevant to your service and role.</ChildComp>
		<ChildComp>Supporting and advising colleagues (including within the wider healthcare team) on adopting new technologies.</ChildComp>
		<ChildComp>Sharing learning from adopting, implementing and evaluating specific technologies in service delivery.</ChildComp>
	</Comp>
	<Comp>
		<id>4.2.3</id>
		<RootComp>You assess and evaluate new technologies before introducing and integrating them into your routine clinical practice, informed by the available evidence base.</RootComp>
	</Comp>
	<Comp>
		<id>5.1.1</id>
		<RootComp>You demonstrate self-awareness, including about your leadership style and its impact on others.</RootComp>
	</Comp>
	<Comp>
		<id>5.1.2</id>
		<RootComp>You develop, maintain and apply your leadership skills, behaviours and qualities in line with your scope of practice and job role.</RootComp>
	</Comp>
	<Comp>
		<id>5.2.1</id>
		<RootComp>You value and recognise your colleagues’ knowledge, skills and contribution to service delivery and patient care.</RootComp>
	</Comp>
	<Comp>
		<id>5.2.2</id>
		<RootComp>You contribute to distributed leadership within your team or service, including by doing the following in line with your scope of practice and job role:</RootComp>
		<ChildComp>Acting as a role model and leading by example.</ChildComp>
		<ChildComp>Addressing the development needs of those for whom you have leadership, management, supervision and/or training responsibilities.</ChildComp>
		<ChildComp>Engaging in reviews of team performance.</ChildComp>
		<ChildComp>Engaging in activity (including CPD) to enhance team performance.</ChildComp>
		<ChildComp>Engaging in exercises to address deficiencies in team performance.</ChildComp>
		<ChildComp>Distilling, sharing and applying learning from team development activities.</ChildComp>
		<ChildComp>Celebrating team success.</ChildComp>
	</Comp>
</GSPComps>
